year,origin_country_iso2,host_country_eurostat,host_country_name,isced11,sex,unit,freq,count,status,source_dataset,source_url,as_of
2020,RS,EU27_2020,European Union - 27 countries (from 2020),ED5-8,T,NR,A,9115,d,educ_uoe_mobs02,https://ec.europa.eu/eurostat/api/dissemination/statistics/1.0/data/educ_uoe_mobs02?partner=RS&sex=T&isced11=ED5-8&time=2020&time=2021&time=2022&time=2023&time=2024,2025-12-22
2021,RS,EU27_2020,European Union - 27 countries (from 2020),ED5-8,T,NR,A,8740,d,educ_uoe_mobs02,https://ec.europa.eu/eurostat/api/dissemination/statistics/1.0/data/educ_uoe_mobs02?partner=RS&sex=T&isced11=ED5-8&time=2020&time=2021&time=2022&time=2023&time=2024,2025-12-22
2022,RS,EU27_2020,European Union - 27 countries (from 2020),ED5-8,T,NR,A,8439,d,educ_uoe_mobs02,https://ec.europa.eu/eurostat/api/dissemination/statistics/1.0/data/educ_uoe_mobs02?partner=RS&sex=T&isced11=ED5-8&time=2020&time=2021&time=2022&time=2023&time=2024,2025-12-22
2023,RS,EU27_2020,European Union - 27 countries (from 2020),ED5-8,T,NR,A,8109,d,educ_uoe_mobs02,https://ec.europa.eu/eurostat/api/dissemination/statistics/1.0/data/educ_uoe_mobs02?partner=RS&sex=T&isced11=ED5-8&time=2020&time=2021&time=2022&time=2023&time=2024,2025-12-22
2024,RS,EU27_2020,European Union - 27 countries (from 2020),ED5-8,T,NR,A,,,educ_uoe_mobs02,https://ec.europa.eu/eurostat/api/dissemination/statistics/1.0/data/educ_uoe_mobs02?partner=RS&sex=T&isced11=ED5-8&time=2020&time=2021&time=2022&time=2023&time=2024,2025-12-22
2020,RS,EU28,European Union - 28 countries (2013-2020),ED5-8,T,NR,A,,,educ_uoe_mobs02,https://ec.europa.eu/eurostat/api/dissemination/statistics/1.0/data/educ_uoe_mobs02?partner=RS&sex=T&isced11=ED5-8&time=2020&time=2021&time=2022&time=2023&time=2024,2025-12-22
2021,RS,EU28,European Union - 28 countries (2013-2020),ED5-8,T,NR,A,,,educ_uoe_mobs02,https://ec.europa.eu/eurostat/api/dissemination/statistics/1.0/data/educ_uoe_mobs02?partner=RS&sex=T&isced11=ED5-8&time=2020&time=2021&time=2022&time=2023&time=2024,2025-12-22
2022,RS,EU28,European Union - 28 countries (2013-2020),ED5-8,T,NR,A,,,educ_uoe_mobs02,https://ec.europa.eu/eurostat/api/dissemination/statistics/1.0/data/educ_uoe_mobs02?partner=RS&sex=T&isced11=ED5-8&time=2020&time=2021&time=2022&time=2023&time=2024,2025-12-22
2023,RS,EU28,European Union - 28 countries (2013-2020),ED5-8,T,NR,A,,,educ_uoe_mobs02,https://ec.europa.eu/eurostat/api/dissemination/statistics/1.0/data/educ_uoe_mobs02?partner=RS&sex=T&isced11=ED5-8&time=2020&time=2021&time=2022&time=2023&time=2024,2025-12-22
2024,RS,EU28,European Union - 28 countries (2013-2020),ED5-8,T,NR,A,,,educ_uoe_mobs02,https://ec.europa.eu/eurostat/api/dissemination/statistics/1.0/data/educ_uoe_mobs02?partner=RS&sex=T&isced11=ED5-8&time=2020&time=2021&time=2022&time=2023&time=2024,2025-12-22
2020,RS,BE,Belgium,ED5-8,T,NR,A,72,bd,educ_uoe_mobs02,https://ec.europa.eu/eurostat/api/dissemination/statistics/1.0/data/educ_uoe_mobs02?partner=RS&sex=T&isced11=ED5-8&time=2020&time=2021&time=2022&time=2023&time=2024,2025-12-22
2021,RS,BE,Belgium,ED5-8,T,NR,A,64,,educ_uoe_mobs02,https://ec.europa.eu/eurostat/api/dissemination/statistics/1.0/data/educ_uoe_mobs02?partner=RS&sex=T&isced11=ED5-8&time=2020&time=2021&time=2022&time=2023&time=2024,2025-12-22
2022,RS,BE,Belgium,ED5-8,T,NR,A,72,,educ_uoe_mobs02,https://ec.europa.eu/eurostat/api/dissemination/statistics/1.0/data/educ_uoe_mobs02?partner=RS&sex=T&isced11=ED5-8&time=2020&time=2021&time=2022&time=2023&time=2024,2025-12-22
2023,RS,BE,Belgium,ED5-8,T,NR,A,81,,educ_uoe_mobs02,https://ec.europa.eu/eurostat/api/dissemination/statistics/1.0/data/educ_uoe_mobs02?partner=RS&sex=T&isced11=ED5-8&time=2020&time=2021&time=2022&time=2023&time=2024,2025-12-22
2024,RS,BE,Belgium,ED5-8,T,NR,A,,,educ_uoe_mobs02,https://ec.europa.eu/eurostat/api/dissemination/statistics/1.0/data/educ_uoe_mobs02?partner=RS&sex=T&isced11=ED5-8&time=2020&time=2021&time=2022&time=2023&time=2024,2025-12-22
2020,RS,BG,Bulgaria,ED5-8,T,NR,A,542,d,educ_uoe_mobs02,https://ec.europa.eu/eurostat/api/dissemination/statistics/1.0/data/educ_uoe_mobs02?partner=RS&sex=T&isced11=ED5-8&time=2020&time=2021&time=2022&time=2023&time=2024,2025-12-22
2021,RS,BG,Bulgaria,ED5-8,T,NR,A,590,d,educ_uoe_mobs02,https://ec.europa.eu/eurostat/api/dissemination/statistics/1.0/data/educ_uoe_mobs02?partner=RS&sex=T&isced11=ED5-8&time=2020&time=2021&time=2022&time=2023&time=2024,2025-12-22
2022,RS,BG,Bulgaria,ED5-8,T,NR,A,610,d,educ_uoe_mobs02,https://ec.europa.eu/eurostat/api/dissemination/statistics/1.0/data/educ_uoe_mobs02?partner=RS&sex=T&isced11=ED5-8&time=2020&time=2021&time=2022&time=2023&time=2024,2025-12-22
2023,RS,BG,Bulgaria,ED5-8,T,NR,A,596,d,educ_uoe_mobs02,https://ec.europa.eu/eurostat/api/dissemination/statistics/1.0/data/educ_uoe_mobs02?partner=RS&sex=T&isced11=ED5-8&time=2020&time=2021&time=2022&time=2023&time=2024,2025-12-22
2024,RS,BG,Bulgaria,ED5-8,T,NR,A,,,educ_uoe_mobs02,https://ec.europa.eu/eurostat/api/dissemination/statistics/1.0/data/educ_uoe_mobs02?partner=RS&sex=T&isced11=ED5-8&time=2020&time=2021&time=2022&time=2023&time=2024,2025-12-22
2020,RS,CZ,Czechia,ED5-8,T,NR,A,218,,educ_uoe_mobs02,https://ec.europa.eu/eurostat/api/dissemination/statistics/1.0/data/educ_uoe_mobs02?partner=RS&sex=T&isced11=ED5-8&time=2020&time=2021&time=2022&time=2023&time=2024,2025-12-22
2021,RS,CZ,Czechia,ED5-8,T,NR,A,208,,educ_uoe_mobs02,https://ec.europa.eu/eurostat/api/dissemination/statistics/1.0/data/educ_uoe_mobs02?partner=RS&sex=T&isced11=ED5-8&time=2020&time=2021&time=2022&time=2023&time=2024,2025-12-22
2022,RS,CZ,Czechia,ED5-8,T,NR,A,209,,educ_uoe_mobs02,https://ec.europa.eu/eurostat/api/dissemination/statistics/1.0/data/educ_uoe_mobs02?partner=RS&sex=T&isced11=ED5-8&time=2020&time=2021&time=2022&time=2023&time=2024,2025-12-22
2023,RS,CZ,Czechia,ED5-8,T,NR,A,181,,educ_uoe_mobs02,https://ec.europa.eu/eurostat/api/dissemination/statistics/1.0/data/educ_uoe_mobs02?partner=RS&sex=T&isced11=ED5-8&time=2020&time=2021&time=2022&time=2023&time=2024,2025-12-22
2024,RS,CZ,Czechia,ED5-8,T,NR,A,,,educ_uoe_mobs02,https://ec.europa.eu/eurostat/api/dissemination/statistics/1.0/data/educ_uoe_mobs02?partner=RS&sex=T&isced11=ED5-8&time=2020&time=2021&time=2022&time=2023&time=2024,2025-12-22
2020,RS,DK,Denmark,ED5-8,T,NR,A,42,,educ_uoe_mobs02,https://ec.europa.eu/eurostat/api/dissemination/statistics/1.0/data/educ_uoe_mobs02?partner=RS&sex=T&isced11=ED5-8&time=2020&time=2021&time=2022&time=2023&time=2024,2025-12-22
2021,RS,DK,Denmark,ED5-8,T,NR,A,40,,educ_uoe_mobs02,https://ec.europa.eu/eurostat/api/dissemination/statistics/1.0/data/educ_uoe_mobs02?partner=RS&sex=T&isced11=ED5-8&time=2020&time=2021&time=2022&time=2023&time=2024,2025-12-22
2022,RS,DK,Denmark,ED5-8,T,NR,A,47,,educ_uoe_mobs02,https://ec.europa.eu/eurostat/api/dissemination/statistics/1.0/data/educ_uoe_mobs02?partner=RS&sex=T&isced11=ED5-8&time=2020&time=2021&time=2022&time=2023&time=2024,2025-12-22
2023,RS,DK,Denmark,ED5-8,T,NR,A,38,,educ_uoe_mobs02,https://ec.europa.eu/eurostat/api/dissemination/statistics/1.0/data/educ_uoe_mobs02?partner=RS&sex=T&isced11=ED5-8&time=2020&time=2021&time=2022&time=2023&time=2024,2025-12-22
2024,RS,DK,Denmark,ED5-8,T,NR,A,37,,educ_uoe_mobs02,https://ec.europa.eu/eurostat/api/dissemination/statistics/1.0/data/educ_uoe_mobs02?partner=RS&sex=T&isced11=ED5-8&time=2020&time=2021&time=2022&time=2023&time=2024,2025-12-22
2020,RS,DE,Germany,ED5-8,T,NR,A,1288,bd,educ_uoe_mobs02,https://ec.europa.eu/eurostat/api/dissemination/statistics/1.0/data/educ_uoe_mobs02?partner=RS&sex=T&isced11=ED5-8&time=2020&time=2021&time=2022&time=2023&time=2024,2025-12-22
2021,RS,DE,Germany,ED5-8,T,NR,A,1309,e,educ_uoe_mobs02,https://ec.europa.eu/eurostat/api/dissemination/statistics/1.0/data/educ_uoe_mobs02?partner=RS&sex=T&isced11=ED5-8&time=2020&time=2021&time=2022&time=2023&time=2024,2025-12-22
2022,RS,DE,Germany,ED5-8,T,NR,A,1308,e,educ_uoe_mobs02,https://ec.europa.eu/eurostat/api/dissemination/statistics/1.0/data/educ_uoe_mobs02?partner=RS&sex=T&isced11=ED5-8&time=2020&time=2021&time=2022&time=2023&time=2024,2025-12-22
2023,RS,DE,Germany,ED5-8,T,NR,A,1289,e,educ_uoe_mobs02,https://ec.europa.eu/eurostat/api/dissemination/statistics/1.0/data/educ_uoe_mobs02?partner=RS&sex=T&isced11=ED5-8&time=2020&time=2021&time=2022&time=2023&time=2024,2025-12-22
2024,RS,DE,Germany,ED5-8,T,NR,A,1263,,educ_uoe_mobs02,https://ec.europa.eu/eurostat/api/dissemination/statistics/1.0/data/educ_uoe_mobs02?partner=RS&sex=T&isced11=ED5-8&time=2020&time=2021&time=2022&time=2023&time=2024,2025-12-22
2020,RS,EE,Estonia,ED5-8,T,NR,A,16,,educ_uoe_mobs02,https://ec.europa.eu/eurostat/api/dissemination/statistics/1.0/data/educ_uoe_mobs02?partner=RS&sex=T&isced11=ED5-8&time=2020&time=2021&time=2022&time=2023&time=2024,2025-12-22
2021,RS,EE,Estonia,ED5-8,T,NR,A,13,,educ_uoe_mobs02,https://ec.europa.eu/eurostat/api/dissemination/statistics/1.0/data/educ_uoe_mobs02?partner=RS&sex=T&isced11=ED5-8&time=2020&time=2021&time=2022&time=2023&time=2024,2025-12-22
2022,RS,EE,Estonia,ED5-8,T,NR,A,13,,educ_uoe_mobs02,https://ec.europa.eu/eurostat/api/dissemination/statistics/1.0/data/educ_uoe_mobs02?partner=RS&sex=T&isced11=ED5-8&time=2020&time=2021&time=2022&time=2023&time=2024,2025-12-22
2023,RS,EE,Estonia,ED5-8,T,NR,A,10,,educ_uoe_mobs02,https://ec.europa.eu/eurostat/api/dissemination/statistics/1.0/data/educ_uoe_mobs02?partner=RS&sex=T&isced11=ED5-8&time=2020&time=2021&time=2022&time=2023&time=2024,2025-12-22
2024,RS,EE,Estonia,ED5-8,T,NR,A,10,,educ_uoe_mobs02,https://ec.europa.eu/eurostat/api/dissemination/statistics/1.0/data/educ_uoe_mobs02?partner=RS&sex=T&isced11=ED5-8&time=2020&time=2021&time=2022&time=2023&time=2024,2025-12-22
2020,RS,IE,Ireland,ED5-8,T,NR,A,9,,educ_uoe_mobs02,https://ec.europa.eu/eurostat/api/dissemination/statistics/1.0/data/educ_uoe_mobs02?partner=RS&sex=T&isced11=ED5-8&time=2020&time=2021&time=2022&time=2023&time=2024,2025-12-22
2021,RS,IE,Ireland,ED5-8,T,NR,A,16,,educ_uoe_mobs02,https://ec.europa.eu/eurostat/api/dissemination/statistics/1.0/data/educ_uoe_mobs02?partner=RS&sex=T&isced11=ED5-8&time=2020&time=2021&time=2022&time=2023&time=2024,2025-12-22
2022,RS,IE,Ireland,ED5-8,T,NR,A,19,,educ_uoe_mobs02,https://ec.europa.eu/eurostat/api/dissemination/statistics/1.0/data/educ_uoe_mobs02?partner=RS&sex=T&isced11=ED5-8&time=2020&time=2021&time=2022&time=2023&time=2024,2025-12-22
2023,RS,IE,Ireland,ED5-8,T,NR,A,19,,educ_uoe_mobs02,https://ec.europa.eu/eurostat/api/dissemination/statistics/1.0/data/educ_uoe_mobs02?partner=RS&sex=T&isced11=ED5-8&time=2020&time=2021&time=2022&time=2023&time=2024,2025-12-22
2024,RS,IE,Ireland,ED5-8,T,NR,A,,,educ_uoe_mobs02,https://ec.europa.eu/eurostat/api/dissemination/statistics/1.0/data/educ_uoe_mobs02?partner=RS&sex=T&isced11=ED5-8&time=2020&time=2021&time=2022&time=2023&time=2024,2025-12-22
2020,RS,EL,Greece,ED5-8,T,NR,A,89,,educ_uoe_mobs02,https://ec.europa.eu/eurostat/api/dissemination/statistics/1.0/data/educ_uoe_mobs02?partner=RS&sex=T&isced11=ED5-8&time=2020&time=2021&time=2022&time=2023&time=2024,2025-12-22
2021,RS,EL,Greece,ED5-8,T,NR,A,91,,educ_uoe_mobs02,https://ec.europa.eu/eurostat/api/dissemination/statistics/1.0/data/educ_uoe_mobs02?partner=RS&sex=T&isced11=ED5-8&time=2020&time=2021&time=2022&time=2023&time=2024,2025-12-22
2022,RS,EL,Greece,ED5-8,T,NR,A,90,,educ_uoe_mobs02,https://ec.europa.eu/eurostat/api/dissemination/statistics/1.0/data/educ_uoe_mobs02?partner=RS&sex=T&isced11=ED5-8&time=2020&time=2021&time=2022&time=2023&time=2024,2025-12-22
2023,RS,EL,Greece,ED5-8,T,NR,A,87,,educ_uoe_mobs02,https://ec.europa.eu/eurostat/api/dissemination/statistics/1.0/data/educ_uoe_mobs02?partner=RS&sex=T&isced11=ED5-8&time=2020&time=2021&time=2022&time=2023&time=2024,2025-12-22
2024,RS,EL,Greece,ED5-8,T,NR,A,,,educ_uoe_mobs02,https://ec.europa.eu/eurostat/api/dissemination/statistics/1.0/data/educ_uoe_mobs02?partner=RS&sex=T&isced11=ED5-8&time=2020&time=2021&time=2022&time=2023&time=2024,2025-12-22
2020,RS,ES,Spain,ED5-8,T,NR,A,122,,educ_uoe_mobs02,https://ec.europa.eu/eurostat/api/dissemination/statistics/1.0/data/educ_uoe_mobs02?partner=RS&sex=T&isced11=ED5-8&time=2020&time=2021&time=2022&time=2023&time=2024,2025-12-22
2021,RS,ES,Spain,ED5-8,T,NR,A,111,,educ_uoe_mobs02,https://ec.europa.eu/eurostat/api/dissemination/statistics/1.0/data/educ_uoe_mobs02?partner=RS&sex=T&isced11=ED5-8&time=2020&time=2021&time=2022&time=2023&time=2024,2025-12-22
2022,RS,ES,Spain,ED5-8,T,NR,A,115,,educ_uoe_mobs02,https://ec.europa.eu/eurostat/api/dissemination/statistics/1.0/data/educ_uoe_mobs02?partner=RS&sex=T&isced11=ED5-8&time=2020&time=2021&time=2022&time=2023&time=2024,2025-12-22
2023,RS,ES,Spain,ED5-8,T,NR,A,121,,educ_uoe_mobs02,https://ec.europa.eu/eurostat/api/dissemination/statistics/1.0/data/educ_uoe_mobs02?partner=RS&sex=T&isced11=ED5-8&time=2020&time=2021&time=2022&time=2023&time=2024,2025-12-22
2024,RS,ES,Spain,ED5-8,T,NR,A,220,,educ_uoe_mobs02,https://ec.europa.eu/eurostat/api/dissemination/statistics/1.0/data/educ_uoe_mobs02?partner=RS&sex=T&isced11=ED5-8&time=2020&time=2021&time=2022&time=2023&time=2024,2025-12-22
2020,RS,FR,France,ED5-8,T,NR,A,357,,educ_uoe_mobs02,https://ec.europa.eu/eurostat/api/dissemination/statistics/1.0/data/educ_uoe_mobs02?partner=RS&sex=T&isced11=ED5-8&time=2020&time=2021&time=2022&time=2023&time=2024,2025-12-22
2021,RS,FR,France,ED5-8,T,NR,A,332,,educ_uoe_mobs02,https://ec.europa.eu/eurostat/api/dissemination/statistics/1.0/data/educ_uoe_mobs02?partner=RS&sex=T&isced11=ED5-8&time=2020&time=2021&time=2022&time=2023&time=2024,2025-12-22
2022,RS,FR,France,ED5-8,T,NR,A,304,,educ_uoe_mobs02,https://ec.europa.eu/eurostat/api/dissemination/statistics/1.0/data/educ_uoe_mobs02?partner=RS&sex=T&isced11=ED5-8&time=2020&time=2021&time=2022&time=2023&time=2024,2025-12-22
2023,RS,FR,France,ED5-8,T,NR,A,343,bd,educ_uoe_mobs02,https://ec.europa.eu/eurostat/api/dissemination/statistics/1.0/data/educ_uoe_mobs02?partner=RS&sex=T&isced11=ED5-8&time=2020&time=2021&time=2022&time=2023&time=2024,2025-12-22
2024,RS,FR,France,ED5-8,T,NR,A,,,educ_uoe_mobs02,https://ec.europa.eu/eurostat/api/dissemination/statistics/1.0/data/educ_uoe_mobs02?partner=RS&sex=T&isced11=ED5-8&time=2020&time=2021&time=2022&time=2023&time=2024,2025-12-22
2020,RS,HR,Croatia,ED5-8,T,NR,A,107,,educ_uoe_mobs02,https://ec.europa.eu/eurostat/api/dissemination/statistics/1.0/data/educ_uoe_mobs02?partner=RS&sex=T&isced11=ED5-8&time=2020&time=2021&time=2022&time=2023&time=2024,2025-12-22
2021,RS,HR,Croatia,ED5-8,T,NR,A,112,,educ_uoe_mobs02,https://ec.europa.eu/eurostat/api/dissemination/statistics/1.0/data/educ_uoe_mobs02?partner=RS&sex=T&isced11=ED5-8&time=2020&time=2021&time=2022&time=2023&time=2024,2025-12-22
2022,RS,HR,Croatia,ED5-8,T,NR,A,122,,educ_uoe_mobs02,https://ec.europa.eu/eurostat/api/dissemination/statistics/1.0/data/educ_uoe_mobs02?partner=RS&sex=T&isced11=ED5-8&time=2020&time=2021&time=2022&time=2023&time=2024,2025-12-22
2023,RS,HR,Croatia,ED5-8,T,NR,A,130,,educ_uoe_mobs02,https://ec.europa.eu/eurostat/api/dissemination/statistics/1.0/data/educ_uoe_mobs02?partner=RS&sex=T&isced11=ED5-8&time=2020&time=2021&time=2022&time=2023&time=2024,2025-12-22
2024,RS,HR,Croatia,ED5-8,T,NR,A,,,educ_uoe_mobs02,https://ec.europa.eu/eurostat/api/dissemination/statistics/1.0/data/educ_uoe_mobs02?partner=RS&sex=T&isced11=ED5-8&time=2020&time=2021&time=2022&time=2023&time=2024,2025-12-22
2020,RS,IT,Italy,ED5-8,T,NR,A,456,,educ_uoe_mobs02,https://ec.europa.eu/eurostat/api/dissemination/statistics/1.0/data/educ_uoe_mobs02?partner=RS&sex=T&isced11=ED5-8&time=2020&time=2021&time=2022&time=2023&time=2024,2025-12-22
2021,RS,IT,Italy,ED5-8,T,NR,A,353,,educ_uoe_mobs02,https://ec.europa.eu/eurostat/api/dissemination/statistics/1.0/data/educ_uoe_mobs02?partner=RS&sex=T&isced11=ED5-8&time=2020&time=2021&time=2022&time=2023&time=2024,2025-12-22
2022,RS,IT,Italy,ED5-8,T,NR,A,436,,educ_uoe_mobs02,https://ec.europa.eu/eurostat/api/dissemination/statistics/1.0/data/educ_uoe_mobs02?partner=RS&sex=T&isced11=ED5-8&time=2020&time=2021&time=2022&time=2023&time=2024,2025-12-22
2023,RS,IT,Italy,ED5-8,T,NR,A,562,,educ_uoe_mobs02,https://ec.europa.eu/eurostat/api/dissemination/statistics/1.0/data/educ_uoe_mobs02?partner=RS&sex=T&isced11=ED5-8&time=2020&time=2021&time=2022&time=2023&time=2024,2025-12-22
2024,RS,IT,Italy,ED5-8,T,NR,A,,,educ_uoe_mobs02,https://ec.europa.eu/eurostat/api/dissemination/statistics/1.0/data/educ_uoe_mobs02?partner=RS&sex=T&isced11=ED5-8&time=2020&time=2021&time=2022&time=2023&time=2024,2025-12-22
2020,RS,CY,Cyprus,ED5-8,T,NR,A,9,,educ_uoe_mobs02,https://ec.europa.eu/eurostat/api/dissemination/statistics/1.0/data/educ_uoe_mobs02?partner=RS&sex=T&isced11=ED5-8&time=2020&time=2021&time=2022&time=2023&time=2024,2025-12-22
2021,RS,CY,Cyprus,ED5-8,T,NR,A,14,,educ_uoe_mobs02,https://ec.europa.eu/eurostat/api/dissemination/statistics/1.0/data/educ_uoe_mobs02?partner=RS&sex=T&isced11=ED5-8&time=2020&time=2021&time=2022&time=2023&time=2024,2025-12-22
2022,RS,CY,Cyprus,ED5-8,T,NR,A,10,,educ_uoe_mobs02,https://ec.europa.eu/eurostat/api/dissemination/statistics/1.0/data/educ_uoe_mobs02?partner=RS&sex=T&isced11=ED5-8&time=2020&time=2021&time=2022&time=2023&time=2024,2025-12-22
2023,RS,CY,Cyprus,ED5-8,T,NR,A,9,,educ_uoe_mobs02,https://ec.europa.eu/eurostat/api/dissemination/statistics/1.0/data/educ_uoe_mobs02?partner=RS&sex=T&isced11=ED5-8&time=2020&time=2021&time=2022&time=2023&time=2024,2025-12-22
2024,RS,CY,Cyprus,ED5-8,T,NR,A,14,,educ_uoe_mobs02,https://ec.europa.eu/eurostat/api/dissemination/statistics/1.0/data/educ_uoe_mobs02?partner=RS&sex=T&isced11=ED5-8&time=2020&time=2021&time=2022&time=2023&time=2024,2025-12-22
2020,RS,LV,Latvia,ED5-8,T,NR,A,2,,educ_uoe_mobs02,https://ec.europa.eu/eurostat/api/dissemination/statistics/1.0/data/educ_uoe_mobs02?partner=RS&sex=T&isced11=ED5-8&time=2020&time=2021&time=2022&time=2023&time=2024,2025-12-22
2021,RS,LV,Latvia,ED5-8,T,NR,A,2,,educ_uoe_mobs02,https://ec.europa.eu/eurostat/api/dissemination/statistics/1.0/data/educ_uoe_mobs02?partner=RS&sex=T&isced11=ED5-8&time=2020&time=2021&time=2022&time=2023&time=2024,2025-12-22
2022,RS,LV,Latvia,ED5-8,T,NR,A,4,,educ_uoe_mobs02,https://ec.europa.eu/eurostat/api/dissemination/statistics/1.0/data/educ_uoe_mobs02?partner=RS&sex=T&isced11=ED5-8&time=2020&time=2021&time=2022&time=2023&time=2024,2025-12-22
2023,RS,LV,Latvia,ED5-8,T,NR,A,2,,educ_uoe_mobs02,https://ec.europa.eu/eurostat/api/dissemination/statistics/1.0/data/educ_uoe_mobs02?partner=RS&sex=T&isced11=ED5-8&time=2020&time=2021&time=2022&time=2023&time=2024,2025-12-22
2024,RS,LV,Latvia,ED5-8,T,NR,A,2,,educ_uoe_mobs02,https://ec.europa.eu/eurostat/api/dissemination/statistics/1.0/data/educ_uoe_mobs02?partner=RS&sex=T&isced11=ED5-8&time=2020&time=2021&time=2022&time=2023&time=2024,2025-12-22
2020,RS,LT,Lithuania,ED5-8,T,NR,A,4,,educ_uoe_mobs02,https://ec.europa.eu/eurostat/api/dissemination/statistics/1.0/data/educ_uoe_mobs02?partner=RS&sex=T&isced11=ED5-8&time=2020&time=2021&time=2022&time=2023&time=2024,2025-12-22
2021,RS,LT,Lithuania,ED5-8,T,NR,A,6,,educ_uoe_mobs02,https://ec.europa.eu/eurostat/api/dissemination/statistics/1.0/data/educ_uoe_mobs02?partner=RS&sex=T&isced11=ED5-8&time=2020&time=2021&time=2022&time=2023&time=2024,2025-12-22
2022,RS,LT,Lithuania,ED5-8,T,NR,A,7,,educ_uoe_mobs02,https://ec.europa.eu/eurostat/api/dissemination/statistics/1.0/data/educ_uoe_mobs02?partner=RS&sex=T&isced11=ED5-8&time=2020&time=2021&time=2022&time=2023&time=2024,2025-12-22
2023,RS,LT,Lithuania,ED5-8,T,NR,A,8,,educ_uoe_mobs02,https://ec.europa.eu/eurostat/api/dissemination/statistics/1.0/data/educ_uoe_mobs02?partner=RS&sex=T&isced11=ED5-8&time=2020&time=2021&time=2022&time=2023&time=2024,2025-12-22
2024,RS,LT,Lithuania,ED5-8,T,NR,A,,,educ_uoe_mobs02,https://ec.europa.eu/eurostat/api/dissemination/statistics/1.0/data/educ_uoe_mobs02?partner=RS&sex=T&isced11=ED5-8&time=2020&time=2021&time=2022&time=2023&time=2024,2025-12-22
2020,RS,LU,Luxembourg,ED5-8,T,NR,A,10,,educ_uoe_mobs02,https://ec.europa.eu/eurostat/api/dissemination/statistics/1.0/data/educ_uoe_mobs02?partner=RS&sex=T&isced11=ED5-8&time=2020&time=2021&time=2022&time=2023&time=2024,2025-12-22
2021,RS,LU,Luxembourg,ED5-8,T,NR,A,8,,educ_uoe_mobs02,https://ec.europa.eu/eurostat/api/dissemination/statistics/1.0/data/educ_uoe_mobs02?partner=RS&sex=T&isced11=ED5-8&time=2020&time=2021&time=2022&time=2023&time=2024,2025-12-22
2022,RS,LU,Luxembourg,ED5-8,T,NR,A,5,,educ_uoe_mobs02,https://ec.europa.eu/eurostat/api/dissemination/statistics/1.0/data/educ_uoe_mobs02?partner=RS&sex=T&isced11=ED5-8&time=2020&time=2021&time=2022&time=2023&time=2024,2025-12-22
2023,RS,LU,Luxembourg,ED5-8,T,NR,A,7,,educ_uoe_mobs02,https://ec.europa.eu/eurostat/api/dissemination/statistics/1.0/data/educ_uoe_mobs02?partner=RS&sex=T&isced11=ED5-8&time=2020&time=2021&time=2022&time=2023&time=2024,2025-12-22
2024,RS,LU,Luxembourg,ED5-8,T,NR,A,,,educ_uoe_mobs02,https://ec.europa.eu/eurostat/api/dissemination/statistics/1.0/data/educ_uoe_mobs02?partner=RS&sex=T&isced11=ED5-8&time=2020&time=2021&time=2022&time=2023&time=2024,2025-12-22
2020,RS,HU,Hungary,ED5-8,T,NR,A,2209,,educ_uoe_mobs02,https://ec.europa.eu/eurostat/api/dissemination/statistics/1.0/data/educ_uoe_mobs02?partner=RS&sex=T&isced11=ED5-8&time=2020&time=2021&time=2022&time=2023&time=2024,2025-12-22
2021,RS,HU,Hungary,ED5-8,T,NR,A,2238,,educ_uoe_mobs02,https://ec.europa.eu/eurostat/api/dissemination/statistics/1.0/data/educ_uoe_mobs02?partner=RS&sex=T&isced11=ED5-8&time=2020&time=2021&time=2022&time=2023&time=2024,2025-12-22
2022,RS,HU,Hungary,ED5-8,T,NR,A,2099,,educ_uoe_mobs02,https://ec.europa.eu/eurostat/api/dissemination/statistics/1.0/data/educ_uoe_mobs02?partner=RS&sex=T&isced11=ED5-8&time=2020&time=2021&time=2022&time=2023&time=2024,2025-12-22
2023,RS,HU,Hungary,ED5-8,T,NR,A,1986,,educ_uoe_mobs02,https://ec.europa.eu/eurostat/api/dissemination/statistics/1.0/data/educ_uoe_mobs02?partner=RS&sex=T&isced11=ED5-8&time=2020&time=2021&time=2022&time=2023&time=2024,2025-12-22
2024,RS,HU,Hungary,ED5-8,T,NR,A,,,educ_uoe_mobs02,https://ec.europa.eu/eurostat/api/dissemination/statistics/1.0/data/educ_uoe_mobs02?partner=RS&sex=T&isced11=ED5-8&time=2020&time=2021&time=2022&time=2023&time=2024,2025-12-22
2020,RS,MT,Malta,ED5-8,T,NR,A,27,,educ_uoe_mobs02,https://ec.europa.eu/eurostat/api/dissemination/statistics/1.0/data/educ_uoe_mobs02?partner=RS&sex=T&isced11=ED5-8&time=2020&time=2021&time=2022&time=2023&time=2024,2025-12-22
2021,RS,MT,Malta,ED5-8,T,NR,A,44,,educ_uoe_mobs02,https://ec.europa.eu/eurostat/api/dissemination/statistics/1.0/data/educ_uoe_mobs02?partner=RS&sex=T&isced11=ED5-8&time=2020&time=2021&time=2022&time=2023&time=2024,2025-12-22
2022,RS,MT,Malta,ED5-8,T,NR,A,45,,educ_uoe_mobs02,https://ec.europa.eu/eurostat/api/dissemination/statistics/1.0/data/educ_uoe_mobs02?partner=RS&sex=T&isced11=ED5-8&time=2020&time=2021&time=2022&time=2023&time=2024,2025-12-22
2023,RS,MT,Malta,ED5-8,T,NR,A,25,,educ_uoe_mobs02,https://ec.europa.eu/eurostat/api/dissemination/statistics/1.0/data/educ_uoe_mobs02?partner=RS&sex=T&isced11=ED5-8&time=2020&time=2021&time=2022&time=2023&time=2024,2025-12-22
2024,RS,MT,Malta,ED5-8,T,NR,A,36,,educ_uoe_mobs02,https://ec.europa.eu/eurostat/api/dissemination/statistics/1.0/data/educ_uoe_mobs02?partner=RS&sex=T&isced11=ED5-8&time=2020&time=2021&time=2022&time=2023&time=2024,2025-12-22
2020,RS,NL,Netherlands,ED5-8,T,NR,A,,d,educ_uoe_mobs02,https://ec.europa.eu/eurostat/api/dissemination/statistics/1.0/data/educ_uoe_mobs02?partner=RS&sex=T&isced11=ED5-8&time=2020&time=2021&time=2022&time=2023&time=2024,2025-12-22
2021,RS,NL,Netherlands,ED5-8,T,NR,A,,d,educ_uoe_mobs02,https://ec.europa.eu/eurostat/api/dissemination/statistics/1.0/data/educ_uoe_mobs02?partner=RS&sex=T&isced11=ED5-8&time=2020&time=2021&time=2022&time=2023&time=2024,2025-12-22
2022,RS,NL,Netherlands,ED5-8,T,NR,A,,,educ_uoe_mobs02,https://ec.europa.eu/eurostat/api/dissemination/statistics/1.0/data/educ_uoe_mobs02?partner=RS&sex=T&isced11=ED5-8&time=2020&time=2021&time=2022&time=2023&time=2024,2025-12-22
2023,RS,NL,Netherlands,ED5-8,T,NR,A,,,educ_uoe_mobs02,https://ec.europa.eu/eurostat/api/dissemination/statistics/1.0/data/educ_uoe_mobs02?partner=RS&sex=T&isced11=ED5-8&time=2020&time=2021&time=2022&time=2023&time=2024,2025-12-22
2024,RS,NL,Netherlands,ED5-8,T,NR,A,,,educ_uoe_mobs02,https://ec.europa.eu/eurostat/api/dissemination/statistics/1.0/data/educ_uoe_mobs02?partner=RS&sex=T&isced11=ED5-8&time=2020&time=2021&time=2022&time=2023&time=2024,2025-12-22
2020,RS,AT,Austria,ED5-8,T,NR,A,1545,,educ_uoe_mobs02,https://ec.europa.eu/eurostat/api/dissemination/statistics/1.0/data/educ_uoe_mobs02?partner=RS&sex=T&isced11=ED5-8&time=2020&time=2021&time=2022&time=2023&time=2024,2025-12-22
2021,RS,AT,Austria,ED5-8,T,NR,A,1462,,educ_uoe_mobs02,https://ec.europa.eu/eurostat/api/dissemination/statistics/1.0/data/educ_uoe_mobs02?partner=RS&sex=T&isced11=ED5-8&time=2020&time=2021&time=2022&time=2023&time=2024,2025-12-22
2022,RS,AT,Austria,ED5-8,T,NR,A,1403,,educ_uoe_mobs02,https://ec.europa.eu/eurostat/api/dissemination/statistics/1.0/data/educ_uoe_mobs02?partner=RS&sex=T&isced11=ED5-8&time=2020&time=2021&time=2022&time=2023&time=2024,2025-12-22
2023,RS,AT,Austria,ED5-8,T,NR,A,1245,,educ_uoe_mobs02,https://ec.europa.eu/eurostat/api/dissemination/statistics/1.0/data/educ_uoe_mobs02?partner=RS&sex=T&isced11=ED5-8&time=2020&time=2021&time=2022&time=2023&time=2024,2025-12-22
2024,RS,AT,Austria,ED5-8,T,NR,A,1150,,educ_uoe_mobs02,https://ec.europa.eu/eurostat/api/dissemination/statistics/1.0/data/educ_uoe_mobs02?partner=RS&sex=T&isced11=ED5-8&time=2020&time=2021&time=2022&time=2023&time=2024,2025-12-22
2020,RS,PL,Poland,ED5-8,T,NR,A,24,e,educ_uoe_mobs02,https://ec.europa.eu/eurostat/api/dissemination/statistics/1.0/data/educ_uoe_mobs02?partner=RS&sex=T&isced11=ED5-8&time=2020&time=2021&time=2022&time=2023&time=2024,2025-12-22
2021,RS,PL,Poland,ED5-8,T,NR,A,22,e,educ_uoe_mobs02,https://ec.europa.eu/eurostat/api/dissemination/statistics/1.0/data/educ_uoe_mobs02?partner=RS&sex=T&isced11=ED5-8&time=2020&time=2021&time=2022&time=2023&time=2024,2025-12-22
2022,RS,PL,Poland,ED5-8,T,NR,A,15,,educ_uoe_mobs02,https://ec.europa.eu/eurostat/api/dissemination/statistics/1.0/data/educ_uoe_mobs02?partner=RS&sex=T&isced11=ED5-8&time=2020&time=2021&time=2022&time=2023&time=2024,2025-12-22
2023,RS,PL,Poland,ED5-8,T,NR,A,18,,educ_uoe_mobs02,https://ec.europa.eu/eurostat/api/dissemination/statistics/1.0/data/educ_uoe_mobs02?partner=RS&sex=T&isced11=ED5-8&time=2020&time=2021&time=2022&time=2023&time=2024,2025-12-22
2024,RS,PL,Poland,ED5-8,T,NR,A,18,,educ_uoe_mobs02,https://ec.europa.eu/eurostat/api/dissemination/statistics/1.0/data/educ_uoe_mobs02?partner=RS&sex=T&isced11=ED5-8&time=2020&time=2021&time=2022&time=2023&time=2024,2025-12-22
2020,RS,PT,Portugal,ED5-8,T,NR,A,27,,educ_uoe_mobs02,https://ec.europa.eu/eurostat/api/dissemination/statistics/1.0/data/educ_uoe_mobs02?partner=RS&sex=T&isced11=ED5-8&time=2020&time=2021&time=2022&time=2023&time=2024,2025-12-22
2021,RS,PT,Portugal,ED5-8,T,NR,A,30,,educ_uoe_mobs02,https://ec.europa.eu/eurostat/api/dissemination/statistics/1.0/data/educ_uoe_mobs02?partner=RS&sex=T&isced11=ED5-8&time=2020&time=2021&time=2022&time=2023&time=2024,2025-12-22
2022,RS,PT,Portugal,ED5-8,T,NR,A,34,,educ_uoe_mobs02,https://ec.europa.eu/eurostat/api/dissemination/statistics/1.0/data/educ_uoe_mobs02?partner=RS&sex=T&isced11=ED5-8&time=2020&time=2021&time=2022&time=2023&time=2024,2025-12-22
2023,RS,PT,Portugal,ED5-8,T,NR,A,23,,educ_uoe_mobs02,https://ec.europa.eu/eurostat/api/dissemination/statistics/1.0/data/educ_uoe_mobs02?partner=RS&sex=T&isced11=ED5-8&time=2020&time=2021&time=2022&time=2023&time=2024,2025-12-22
2024,RS,PT,Portugal,ED5-8,T,NR,A,,,educ_uoe_mobs02,https://ec.europa.eu/eurostat/api/dissemination/statistics/1.0/data/educ_uoe_mobs02?partner=RS&sex=T&isced11=ED5-8&time=2020&time=2021&time=2022&time=2023&time=2024,2025-12-22
2020,RS,RO,Romania,ED5-8,T,NR,A,744,,educ_uoe_mobs02,https://ec.europa.eu/eurostat/api/dissemination/statistics/1.0/data/educ_uoe_mobs02?partner=RS&sex=T&isced11=ED5-8&time=2020&time=2021&time=2022&time=2023&time=2024,2025-12-22
2021,RS,RO,Romania,ED5-8,T,NR,A,713,,educ_uoe_mobs02,https://ec.europa.eu/eurostat/api/dissemination/statistics/1.0/data/educ_uoe_mobs02?partner=RS&sex=T&isced11=ED5-8&time=2020&time=2021&time=2022&time=2023&time=2024,2025-12-22
2022,RS,RO,Romania,ED5-8,T,NR,A,618,,educ_uoe_mobs02,https://ec.europa.eu/eurostat/api/dissemination/statistics/1.0/data/educ_uoe_mobs02?partner=RS&sex=T&isced11=ED5-8&time=2020&time=2021&time=2022&time=2023&time=2024,2025-12-22
2023,RS,RO,Romania,ED5-8,T,NR,A,560,,educ_uoe_mobs02,https://ec.europa.eu/eurostat/api/dissemination/statistics/1.0/data/educ_uoe_mobs02?partner=RS&sex=T&isced11=ED5-8&time=2020&time=2021&time=2022&time=2023&time=2024,2025-12-22
2024,RS,RO,Romania,ED5-8,T,NR,A,,,educ_uoe_mobs02,https://ec.europa.eu/eurostat/api/dissemination/statistics/1.0/data/educ_uoe_mobs02?partner=RS&sex=T&isced11=ED5-8&time=2020&time=2021&time=2022&time=2023&time=2024,2025-12-22
2020,RS,SI,Slovenia,ED5-8,T,NR,A,,|C,educ_uoe_mobs02,https://ec.europa.eu/eurostat/api/dissemination/statistics/1.0/data/educ_uoe_mobs02?partner=RS&sex=T&isced11=ED5-8&time=2020&time=2021&time=2022&time=2023&time=2024,2025-12-22
2021,RS,SI,Slovenia,ED5-8,T,NR,A,,|C,educ_uoe_mobs02,https://ec.europa.eu/eurostat/api/dissemination/statistics/1.0/data/educ_uoe_mobs02?partner=RS&sex=T&isced11=ED5-8&time=2020&time=2021&time=2022&time=2023&time=2024,2025-12-22
2022,RS,SI,Slovenia,ED5-8,T,NR,A,,|C,educ_uoe_mobs02,https://ec.europa.eu/eurostat/api/dissemination/statistics/1.0/data/educ_uoe_mobs02?partner=RS&sex=T&isced11=ED5-8&time=2020&time=2021&time=2022&time=2023&time=2024,2025-12-22
2023,RS,SI,Slovenia,ED5-8,T,NR,A,,|C,educ_uoe_mobs02,https://ec.europa.eu/eurostat/api/dissemination/statistics/1.0/data/educ_uoe_mobs02?partner=RS&sex=T&isced11=ED5-8&time=2020&time=2021&time=2022&time=2023&time=2024,2025-12-22
2024,RS,SI,Slovenia,ED5-8,T,NR,A,,,educ_uoe_mobs02,https://ec.europa.eu/eurostat/api/dissemination/statistics/1.0/data/educ_uoe_mobs02?partner=RS&sex=T&isced11=ED5-8&time=2020&time=2021&time=2022&time=2023&time=2024,2025-12-22
2020,RS,SK,Slovakia,ED5-8,T,NR,A,865,,educ_uoe_mobs02,https://ec.europa.eu/eurostat/api/dissemination/statistics/1.0/data/educ_uoe_mobs02?partner=RS&sex=T&isced11=ED5-8&time=2020&time=2021&time=2022&time=2023&time=2024,2025-12-22
2021,RS,SK,Slovakia,ED5-8,T,NR,A,831,,educ_uoe_mobs02,https://ec.europa.eu/eurostat/api/dissemination/statistics/1.0/data/educ_uoe_mobs02?partner=RS&sex=T&isced11=ED5-8&time=2020&time=2021&time=2022&time=2023&time=2024,2025-12-22
2022,RS,SK,Slovakia,ED5-8,T,NR,A,712,,educ_uoe_mobs02,https://ec.europa.eu/eurostat/api/dissemination/statistics/1.0/data/educ_uoe_mobs02?partner=RS&sex=T&isced11=ED5-8&time=2020&time=2021&time=2022&time=2023&time=2024,2025-12-22
2023,RS,SK,Slovakia,ED5-8,T,NR,A,642,,educ_uoe_mobs02,https://ec.europa.eu/eurostat/api/dissemination/statistics/1.0/data/educ_uoe_mobs02?partner=RS&sex=T&isced11=ED5-8&time=2020&time=2021&time=2022&time=2023&time=2024,2025-12-22
2024,RS,SK,Slovakia,ED5-8,T,NR,A,544,,educ_uoe_mobs02,https://ec.europa.eu/eurostat/api/dissemination/statistics/1.0/data/educ_uoe_mobs02?partner=RS&sex=T&isced11=ED5-8&time=2020&time=2021&time=2022&time=2023&time=2024,2025-12-22
2020,RS,FI,Finland,ED5-8,T,NR,A,43,,educ_uoe_mobs02,https://ec.europa.eu/eurostat/api/dissemination/statistics/1.0/data/educ_uoe_mobs02?partner=RS&sex=T&isced11=ED5-8&time=2020&time=2021&time=2022&time=2023&time=2024,2025-12-22
2021,RS,FI,Finland,ED5-8,T,NR,A,52,,educ_uoe_mobs02,https://ec.europa.eu/eurostat/api/dissemination/statistics/1.0/data/educ_uoe_mobs02?partner=RS&sex=T&isced11=ED5-8&time=2020&time=2021&time=2022&time=2023&time=2024,2025-12-22
2022,RS,FI,Finland,ED5-8,T,NR,A,53,,educ_uoe_mobs02,https://ec.europa.eu/eurostat/api/dissemination/statistics/1.0/data/educ_uoe_mobs02?partner=RS&sex=T&isced11=ED5-8&time=2020&time=2021&time=2022&time=2023&time=2024,2025-12-22
2023,RS,FI,Finland,ED5-8,T,NR,A,43,,educ_uoe_mobs02,https://ec.europa.eu/eurostat/api/dissemination/statistics/1.0/data/educ_uoe_mobs02?partner=RS&sex=T&isced11=ED5-8&time=2020&time=2021&time=2022&time=2023&time=2024,2025-12-22
2024,RS,FI,Finland,ED5-8,T,NR,A,44,,educ_uoe_mobs02,https://ec.europa.eu/eurostat/api/dissemination/statistics/1.0/data/educ_uoe_mobs02?partner=RS&sex=T&isced11=ED5-8&time=2020&time=2021&time=2022&time=2023&time=2024,2025-12-22
2020,RS,SE,Sweden,ED5-8,T,NR,A,74,,educ_uoe_mobs02,https://ec.europa.eu/eurostat/api/dissemination/statistics/1.0/data/educ_uoe_mobs02?partner=RS&sex=T&isced11=ED5-8&time=2020&time=2021&time=2022&time=2023&time=2024,2025-12-22
2021,RS,SE,Sweden,ED5-8,T,NR,A,80,,educ_uoe_mobs02,https://ec.europa.eu/eurostat/api/dissemination/statistics/1.0/data/educ_uoe_mobs02?partner=RS&sex=T&isced11=ED5-8&time=2020&time=2021&time=2022&time=2023&time=2024,2025-12-22
2022,RS,SE,Sweden,ED5-8,T,NR,A,89,,educ_uoe_mobs02,https://ec.europa.eu/eurostat/api/dissemination/statistics/1.0/data/educ_uoe_mobs02?partner=RS&sex=T&isced11=ED5-8&time=2020&time=2021&time=2022&time=2023&time=2024,2025-12-22
2023,RS,SE,Sweden,ED5-8,T,NR,A,84,,educ_uoe_mobs02,https://ec.europa.eu/eurostat/api/dissemination/statistics/1.0/data/educ_uoe_mobs02?partner=RS&sex=T&isced11=ED5-8&time=2020&time=2021&time=2022&time=2023&time=2024,2025-12-22
2024,RS,SE,Sweden,ED5-8,T,NR,A,71,,educ_uoe_mobs02,https://ec.europa.eu/eurostat/api/dissemination/statistics/1.0/data/educ_uoe_mobs02?partner=RS&sex=T&isced11=ED5-8&time=2020&time=2021&time=2022&time=2023&time=2024,2025-12-22
2020,RS,IS,Iceland,ED5-8,T,NR,A,10,,educ_uoe_mobs02,https://ec.europa.eu/eurostat/api/dissemination/statistics/1.0/data/educ_uoe_mobs02?partner=RS&sex=T&isced11=ED5-8&time=2020&time=2021&time=2022&time=2023&time=2024,2025-12-22
2021,RS,IS,Iceland,ED5-8,T,NR,A,12,,educ_uoe_mobs02,https://ec.europa.eu/eurostat/api/dissemination/statistics/1.0/data/educ_uoe_mobs02?partner=RS&sex=T&isced11=ED5-8&time=2020&time=2021&time=2022&time=2023&time=2024,2025-12-22
2022,RS,IS,Iceland,ED5-8,T,NR,A,14,,educ_uoe_mobs02,https://ec.europa.eu/eurostat/api/dissemination/statistics/1.0/data/educ_uoe_mobs02?partner=RS&sex=T&isced11=ED5-8&time=2020&time=2021&time=2022&time=2023&time=2024,2025-12-22
2023,RS,IS,Iceland,ED5-8,T,NR,A,14,,educ_uoe_mobs02,https://ec.europa.eu/eurostat/api/dissemination/statistics/1.0/data/educ_uoe_mobs02?partner=RS&sex=T&isced11=ED5-8&time=2020&time=2021&time=2022&time=2023&time=2024,2025-12-22
2024,RS,IS,Iceland,ED5-8,T,NR,A,,,educ_uoe_mobs02,https://ec.europa.eu/eurostat/api/dissemination/statistics/1.0/data/educ_uoe_mobs02?partner=RS&sex=T&isced11=ED5-8&time=2020&time=2021&time=2022&time=2023&time=2024,2025-12-22
2020,RS,LI,Liechtenstein,ED5-8,T,NR,A,2,,educ_uoe_mobs02,https://ec.europa.eu/eurostat/api/dissemination/statistics/1.0/data/educ_uoe_mobs02?partner=RS&sex=T&isced11=ED5-8&time=2020&time=2021&time=2022&time=2023&time=2024,2025-12-22
2021,RS,LI,Liechtenstein,ED5-8,T,NR,A,2,,educ_uoe_mobs02,https://ec.europa.eu/eurostat/api/dissemination/statistics/1.0/data/educ_uoe_mobs02?partner=RS&sex=T&isced11=ED5-8&time=2020&time=2021&time=2022&time=2023&time=2024,2025-12-22
2022,RS,LI,Liechtenstein,ED5-8,T,NR,A,3,,educ_uoe_mobs02,https://ec.europa.eu/eurostat/api/dissemination/statistics/1.0/data/educ_uoe_mobs02?partner=RS&sex=T&isced11=ED5-8&time=2020&time=2021&time=2022&time=2023&time=2024,2025-12-22
2023,RS,LI,Liechtenstein,ED5-8,T,NR,A,,,educ_uoe_mobs02,https://ec.europa.eu/eurostat/api/dissemination/statistics/1.0/data/educ_uoe_mobs02?partner=RS&sex=T&isced11=ED5-8&time=2020&time=2021&time=2022&time=2023&time=2024,2025-12-22
2024,RS,LI,Liechtenstein,ED5-8,T,NR,A,,,educ_uoe_mobs02,https://ec.europa.eu/eurostat/api/dissemination/statistics/1.0/data/educ_uoe_mobs02?partner=RS&sex=T&isced11=ED5-8&time=2020&time=2021&time=2022&time=2023&time=2024,2025-12-22
2020,RS,NO,Norway,ED5-8,T,NR,A,98,,educ_uoe_mobs02,https://ec.europa.eu/eurostat/api/dissemination/statistics/1.0/data/educ_uoe_mobs02?partner=RS&sex=T&isced11=ED5-8&time=2020&time=2021&time=2022&time=2023&time=2024,2025-12-22
2021,RS,NO,Norway,ED5-8,T,NR,A,86,,educ_uoe_mobs02,https://ec.europa.eu/eurostat/api/dissemination/statistics/1.0/data/educ_uoe_mobs02?partner=RS&sex=T&isced11=ED5-8&time=2020&time=2021&time=2022&time=2023&time=2024,2025-12-22
2022,RS,NO,Norway,ED5-8,T,NR,A,72,,educ_uoe_mobs02,https://ec.europa.eu/eurostat/api/dissemination/statistics/1.0/data/educ_uoe_mobs02?partner=RS&sex=T&isced11=ED5-8&time=2020&time=2021&time=2022&time=2023&time=2024,2025-12-22
2023,RS,NO,Norway,ED5-8,T,NR,A,60,,educ_uoe_mobs02,https://ec.europa.eu/eurostat/api/dissemination/statistics/1.0/data/educ_uoe_mobs02?partner=RS&sex=T&isced11=ED5-8&time=2020&time=2021&time=2022&time=2023&time=2024,2025-12-22
2024,RS,NO,Norway,ED5-8,T,NR,A,52,,educ_uoe_mobs02,https://ec.europa.eu/eurostat/api/dissemination/statistics/1.0/data/educ_uoe_mobs02?partner=RS&sex=T&isced11=ED5-8&time=2020&time=2021&time=2022&time=2023&time=2024,2025-12-22
2020,RS,CH,Switzerland,ED5-8,T,NR,A,305,d,educ_uoe_mobs02,https://ec.europa.eu/eurostat/api/dissemination/statistics/1.0/data/educ_uoe_mobs02?partner=RS&sex=T&isced11=ED5-8&time=2020&time=2021&time=2022&time=2023&time=2024,2025-12-22
2021,RS,CH,Switzerland,ED5-8,T,NR,A,298,d,educ_uoe_mobs02,https://ec.europa.eu/eurostat/api/dissemination/statistics/1.0/data/educ_uoe_mobs02?partner=RS&sex=T&isced11=ED5-8&time=2020&time=2021&time=2022&time=2023&time=2024,2025-12-22
2022,RS,CH,Switzerland,ED5-8,T,NR,A,304,d,educ_uoe_mobs02,https://ec.europa.eu/eurostat/api/dissemination/statistics/1.0/data/educ_uoe_mobs02?partner=RS&sex=T&isced11=ED5-8&time=2020&time=2021&time=2022&time=2023&time=2024,2025-12-22
2023,RS,CH,Switzerland,ED5-8,T,NR,A,263,d,educ_uoe_mobs02,https://ec.europa.eu/eurostat/api/dissemination/statistics/1.0/data/educ_uoe_mobs02?partner=RS&sex=T&isced11=ED5-8&time=2020&time=2021&time=2022&time=2023&time=2024,2025-12-22
2024,RS,CH,Switzerland,ED5-8,T,NR,A,,,educ_uoe_mobs02,https://ec.europa.eu/eurostat/api/dissemination/statistics/1.0/data/educ_uoe_mobs02?partner=RS&sex=T&isced11=ED5-8&time=2020&time=2021&time=2022&time=2023&time=2024,2025-12-22
2020,RS,UK,United Kingdom,ED5-8,T,NR,A,,,educ_uoe_mobs02,https://ec.europa.eu/eurostat/api/dissemination/statistics/1.0/data/educ_uoe_mobs02?partner=RS&sex=T&isced11=ED5-8&time=2020&time=2021&time=2022&time=2023&time=2024,2025-12-22
2021,RS,UK,United Kingdom,ED5-8,T,NR,A,,,educ_uoe_mobs02,https://ec.europa.eu/eurostat/api/dissemination/statistics/1.0/data/educ_uoe_mobs02?partner=RS&sex=T&isced11=ED5-8&time=2020&time=2021&time=2022&time=2023&time=2024,2025-12-22
2022,RS,UK,United Kingdom,ED5-8,T,NR,A,,,educ_uoe_mobs02,https://ec.europa.eu/eurostat/api/dissemination/statistics/1.0/data/educ_uoe_mobs02?partner=RS&sex=T&isced11=ED5-8&time=2020&time=2021&time=2022&time=2023&time=2024,2025-12-22
2023,RS,UK,United Kingdom,ED5-8,T,NR,A,,,educ_uoe_mobs02,https://ec.europa.eu/eurostat/api/dissemination/statistics/1.0/data/educ_uoe_mobs02?partner=RS&sex=T&isced11=ED5-8&time=2020&time=2021&time=2022&time=2023&time=2024,2025-12-22
2024,RS,UK,United Kingdom,ED5-8,T,NR,A,,,educ_uoe_mobs02,https://ec.europa.eu/eurostat/api/dissemination/statistics/1.0/data/educ_uoe_mobs02?partner=RS&sex=T&isced11=ED5-8&time=2020&time=2021&time=2022&time=2023&time=2024,2025-12-22
2020,RS,BA,Bosnia and Herzegovina,ED5-8,T,NR,A,,,educ_uoe_mobs02,https://ec.europa.eu/eurostat/api/dissemination/statistics/1.0/data/educ_uoe_mobs02?partner=RS&sex=T&isced11=ED5-8&time=2020&time=2021&time=2022&time=2023&time=2024,2025-12-22
2021,RS,BA,Bosnia and Herzegovina,ED5-8,T,NR,A,,,educ_uoe_mobs02,https://ec.europa.eu/eurostat/api/dissemination/statistics/1.0/data/educ_uoe_mobs02?partner=RS&sex=T&isced11=ED5-8&time=2020&time=2021&time=2022&time=2023&time=2024,2025-12-22
2022,RS,BA,Bosnia and Herzegovina,ED5-8,T,NR,A,,,educ_uoe_mobs02,https://ec.europa.eu/eurostat/api/dissemination/statistics/1.0/data/educ_uoe_mobs02?partner=RS&sex=T&isced11=ED5-8&time=2020&time=2021&time=2022&time=2023&time=2024,2025-12-22
2023,RS,BA,Bosnia and Herzegovina,ED5-8,T,NR,A,,,educ_uoe_mobs02,https://ec.europa.eu/eurostat/api/dissemination/statistics/1.0/data/educ_uoe_mobs02?partner=RS&sex=T&isced11=ED5-8&time=2020&time=2021&time=2022&time=2023&time=2024,2025-12-22
2024,RS,BA,Bosnia and Herzegovina,ED5-8,T,NR,A,,,educ_uoe_mobs02,https://ec.europa.eu/eurostat/api/dissemination/statistics/1.0/data/educ_uoe_mobs02?partner=RS&sex=T&isced11=ED5-8&time=2020&time=2021&time=2022&time=2023&time=2024,2025-12-22
2020,RS,ME,Montenegro,ED5-8,T,NR,A,,,educ_uoe_mobs02,https://ec.europa.eu/eurostat/api/dissemination/statistics/1.0/data/educ_uoe_mobs02?partner=RS&sex=T&isced11=ED5-8&time=2020&time=2021&time=2022&time=2023&time=2024,2025-12-22
2021,RS,ME,Montenegro,ED5-8,T,NR,A,,,educ_uoe_mobs02,https://ec.europa.eu/eurostat/api/dissemination/statistics/1.0/data/educ_uoe_mobs02?partner=RS&sex=T&isced11=ED5-8&time=2020&time=2021&time=2022&time=2023&time=2024,2025-12-22
2022,RS,ME,Montenegro,ED5-8,T,NR,A,,,educ_uoe_mobs02,https://ec.europa.eu/eurostat/api/dissemination/statistics/1.0/data/educ_uoe_mobs02?partner=RS&sex=T&isced11=ED5-8&time=2020&time=2021&time=2022&time=2023&time=2024,2025-12-22
2023,RS,ME,Montenegro,ED5-8,T,NR,A,,,educ_uoe_mobs02,https://ec.europa.eu/eurostat/api/dissemination/statistics/1.0/data/educ_uoe_mobs02?partner=RS&sex=T&isced11=ED5-8&time=2020&time=2021&time=2022&time=2023&time=2024,2025-12-22
2024,RS,ME,Montenegro,ED5-8,T,NR,A,,,educ_uoe_mobs02,https://ec.europa.eu/eurostat/api/dissemination/statistics/1.0/data/educ_uoe_mobs02?partner=RS&sex=T&isced11=ED5-8&time=2020&time=2021&time=2022&time=2023&time=2024,2025-12-22
2020,RS,MK,North Macedonia,ED5-8,T,NR,A,296,,educ_uoe_mobs02,https://ec.europa.eu/eurostat/api/dissemination/statistics/1.0/data/educ_uoe_mobs02?partner=RS&sex=T&isced11=ED5-8&time=2020&time=2021&time=2022&time=2023&time=2024,2025-12-22
2021,RS,MK,North Macedonia,ED5-8,T,NR,A,255,,educ_uoe_mobs02,https://ec.europa.eu/eurostat/api/dissemination/statistics/1.0/data/educ_uoe_mobs02?partner=RS&sex=T&isced11=ED5-8&time=2020&time=2021&time=2022&time=2023&time=2024,2025-12-22
2022,RS,MK,North Macedonia,ED5-8,T,NR,A,245,,educ_uoe_mobs02,https://ec.europa.eu/eurostat/api/dissemination/statistics/1.0/data/educ_uoe_mobs02?partner=RS&sex=T&isced11=ED5-8&time=2020&time=2021&time=2022&time=2023&time=2024,2025-12-22
2023,RS,MK,North Macedonia,ED5-8,T,NR,A,332,,educ_uoe_mobs02,https://ec.europa.eu/eurostat/api/dissemination/statistics/1.0/data/educ_uoe_mobs02?partner=RS&sex=T&isced11=ED5-8&time=2020&time=2021&time=2022&time=2023&time=2024,2025-12-22
2024,RS,MK,North Macedonia,ED5-8,T,NR,A,,,educ_uoe_mobs02,https://ec.europa.eu/eurostat/api/dissemination/statistics/1.0/data/educ_uoe_mobs02?partner=RS&sex=T&isced11=ED5-8&time=2020&time=2021&time=2022&time=2023&time=2024,2025-12-22
2020,RS,GE,Georgia,ED5-8,T,NR,A,,,educ_uoe_mobs02,https://ec.europa.eu/eurostat/api/dissemination/statistics/1.0/data/educ_uoe_mobs02?partner=RS&sex=T&isced11=ED5-8&time=2020&time=2021&time=2022&time=2023&time=2024,2025-12-22
2021,RS,GE,Georgia,ED5-8,T,NR,A,,,educ_uoe_mobs02,https://ec.europa.eu/eurostat/api/dissemination/statistics/1.0/data/educ_uoe_mobs02?partner=RS&sex=T&isced11=ED5-8&time=2020&time=2021&time=2022&time=2023&time=2024,2025-12-22
2022,RS,GE,Georgia,ED5-8,T,NR,A,,,educ_uoe_mobs02,https://ec.europa.eu/eurostat/api/dissemination/statistics/1.0/data/educ_uoe_mobs02?partner=RS&sex=T&isced11=ED5-8&time=2020&time=2021&time=2022&time=2023&time=2024,2025-12-22
2023,RS,GE,Georgia,ED5-8,T,NR,A,,m,educ_uoe_mobs02,https://ec.europa.eu/eurostat/api/dissemination/statistics/1.0/data/educ_uoe_mobs02?partner=RS&sex=T&isced11=ED5-8&time=2020&time=2021&time=2022&time=2023&time=2024,2025-12-22
2024,RS,GE,Georgia,ED5-8,T,NR,A,,m,educ_uoe_mobs02,https://ec.europa.eu/eurostat/api/dissemination/statistics/1.0/data/educ_uoe_mobs02?partner=RS&sex=T&isced11=ED5-8&time=2020&time=2021&time=2022&time=2023&time=2024,2025-12-22
2020,RS,AL,Albania,ED5-8,T,NR,A,,,educ_uoe_mobs02,https://ec.europa.eu/eurostat/api/dissemination/statistics/1.0/data/educ_uoe_mobs02?partner=RS&sex=T&isced11=ED5-8&time=2020&time=2021&time=2022&time=2023&time=2024,2025-12-22
2021,RS,AL,Albania,ED5-8,T,NR,A,162,,educ_uoe_mobs02,https://ec.europa.eu/eurostat/api/dissemination/statistics/1.0/data/educ_uoe_mobs02?partner=RS&sex=T&isced11=ED5-8&time=2020&time=2021&time=2022&time=2023&time=2024,2025-12-22
2022,RS,AL,Albania,ED5-8,T,NR,A,151,,educ_uoe_mobs02,https://ec.europa.eu/eurostat/api/dissemination/statistics/1.0/data/educ_uoe_mobs02?partner=RS&sex=T&isced11=ED5-8&time=2020&time=2021&time=2022&time=2023&time=2024,2025-12-22
2023,RS,AL,Albania,ED5-8,T,NR,A,143,,educ_uoe_mobs02,https://ec.europa.eu/eurostat/api/dissemination/statistics/1.0/data/educ_uoe_mobs02?partner=RS&sex=T&isced11=ED5-8&time=2020&time=2021&time=2022&time=2023&time=2024,2025-12-22
2024,RS,AL,Albania,ED5-8,T,NR,A,,,educ_uoe_mobs02,https://ec.europa.eu/eurostat/api/dissemination/statistics/1.0/data/educ_uoe_mobs02?partner=RS&sex=T&isced11=ED5-8&time=2020&time=2021&time=2022&time=2023&time=2024,2025-12-22
2020,RS,RS,Serbia,ED5-8,T,NR,A,,m,educ_uoe_mobs02,https://ec.europa.eu/eurostat/api/dissemination/statistics/1.0/data/educ_uoe_mobs02?partner=RS&sex=T&isced11=ED5-8&time=2020&time=2021&time=2022&time=2023&time=2024,2025-12-22
2021,RS,RS,Serbia,ED5-8,T,NR,A,,m,educ_uoe_mobs02,https://ec.europa.eu/eurostat/api/dissemination/statistics/1.0/data/educ_uoe_mobs02?partner=RS&sex=T&isced11=ED5-8&time=2020&time=2021&time=2022&time=2023&time=2024,2025-12-22
2022,RS,RS,Serbia,ED5-8,T,NR,A,,m,educ_uoe_mobs02,https://ec.europa.eu/eurostat/api/dissemination/statistics/1.0/data/educ_uoe_mobs02?partner=RS&sex=T&isced11=ED5-8&time=2020&time=2021&time=2022&time=2023&time=2024,2025-12-22
2023,RS,RS,Serbia,ED5-8,T,NR,A,,m,educ_uoe_mobs02,https://ec.europa.eu/eurostat/api/dissemination/statistics/1.0/data/educ_uoe_mobs02?partner=RS&sex=T&isced11=ED5-8&time=2020&time=2021&time=2022&time=2023&time=2024,2025-12-22
2024,RS,RS,Serbia,ED5-8,T,NR,A,,,educ_uoe_mobs02,https://ec.europa.eu/eurostat/api/dissemination/statistics/1.0/data/educ_uoe_mobs02?partner=RS&sex=T&isced11=ED5-8&time=2020&time=2021&time=2022&time=2023&time=2024,2025-12-22
2020,RS,TR,Türkiye,ED5-8,T,NR,A,804,,educ_uoe_mobs02,https://ec.europa.eu/eurostat/api/dissemination/statistics/1.0/data/educ_uoe_mobs02?partner=RS&sex=T&isced11=ED5-8&time=2020&time=2021&time=2022&time=2023&time=2024,2025-12-22
2021,RS,TR,Türkiye,ED5-8,T,NR,A,819,,educ_uoe_mobs02,https://ec.europa.eu/eurostat/api/dissemination/statistics/1.0/data/educ_uoe_mobs02?partner=RS&sex=T&isced11=ED5-8&time=2020&time=2021&time=2022&time=2023&time=2024,2025-12-22
2022,RS,TR,Türkiye,ED5-8,T,NR,A,448,,educ_uoe_mobs02,https://ec.europa.eu/eurostat/api/dissemination/statistics/1.0/data/educ_uoe_mobs02?partner=RS&sex=T&isced11=ED5-8&time=2020&time=2021&time=2022&time=2023&time=2024,2025-12-22
2023,RS,TR,Türkiye,ED5-8,T,NR,A,786,,educ_uoe_mobs02,https://ec.europa.eu/eurostat/api/dissemination/statistics/1.0/data/educ_uoe_mobs02?partner=RS&sex=T&isced11=ED5-8&time=2020&time=2021&time=2022&time=2023&time=2024,2025-12-22
2024,RS,TR,Türkiye,ED5-8,T,NR,A,,,educ_uoe_mobs02,https://ec.europa.eu/eurostat/api/dissemination/statistics/1.0/data/educ_uoe_mobs02?partner=RS&sex=T&isced11=ED5-8&time=2020&time=2021&time=2022&time=2023&time=2024,2025-12-22
